id	level_lower	level_upper	effect_rate
1000	5	5	0.0001
2000	6	6	0.0001
3000	7	7	0.0001
4000	8	8	0.00015
5000	9	9	0.00015
6000	10	10	0.0002
7000	11	11	0.0002
8000	12	12	0.00025
9000	13	13	0.0003
10000	14	14	0.0003
11000	15	15	0.0005
12000	16	16	0.00051
13000	17	17	0.00051
14000	18	18	0.00051
15000	19	19	0.00051
16000	20	20	0.00051
